version,timestamp,total_models,total_mismatches,models_with_errors,error_details
001,2025-08-22 17:08:34,10,1722,7,BIOMD0000000956:6; BIOMD0000000958:23; BIOMD0000000960:15; BIOMD0000000962:4; 2024_dec_epi_1_model_A:68; 2024_dec_epi_1_model_B:31; SAPHIRE:5
002,2025-08-26 13:14:43,0,0,0,
002,2025-08-26 13:16:22,0,0,0,
002,2025-08-26 13:18:33,1,620,1,BIOMD0000000991:84
002,2025-08-26 13:19:39,1,620,1,BIOMD0000000991:84
002,2025-08-26 13:29:59,1,475,1,BIOMD0000000991:59
002,2025-08-26 22:15:29,20,7515,20,BIOMD0000000955:53; BIOMD0000000956:28; BIOMD0000000957:29; BIOMD0000000958:59; BIOMD0000000960:61; BIOMD0000000962:41; SAPHIRE:44; BIOMD0000000963:28; BIOMD0000000964:46; BIOMD0000000970:33; BIOMD0000000971:63; BIOMD0000000972:63; BIOMD0000000974:32; BIOMD0000000976:42; BIOMD0000000977:47; BIOMD0000000978:30; BIOMD0000000979:49; BIOMD0000000983:56; BIOMD0000000984:28; BIOMD0000000991:56
002,2025-08-26 22:34:52,20,5840,18,BIOMD0000000956:6; BIOMD0000000957:4; BIOMD0000000958:18; BIOMD0000000960:7; BIOMD0000000962:41; SAPHIRE:28; BIOMD0000000963:20; BIOMD0000000964:87; BIOMD0000000970:41; BIOMD0000000971:63; BIOMD0000000972:63; BIOMD0000000974:22; BIOMD0000000976:36; BIOMD0000000977:39; BIOMD0000000978:20; BIOMD0000000983:63; BIOMD0000000984:22; BIOMD0000000991:52
002,2025-08-26 22:39:15,17,4400,15,BIOMD0000000956:6; BIOMD0000000957:4; BIOMD0000000958:18; BIOMD0000000960:7; SAPHIRE:28; BIOMD0000000963:20; BIOMD0000000964:87; BIOMD0000000970:41; BIOMD0000000974:22; BIOMD0000000976:36; BIOMD0000000977:39; BIOMD0000000978:20; BIOMD0000000983:63; BIOMD0000000984:22; BIOMD0000000991:52
